Ocean_blue,Blue,Green1,Green,Yellow,Red,RedEdge,NIR,NDVI,GNDVI,EVI,SAVI,NDRE,MSAVI,DVI,RVI,ARVI,VARI,TVI,GEMI,PC_Ocean_blue,PC_Blue,PC_Green1,PC_Green,PC_Yellow,PC_Red,PC_RedEdge,PC_NIR,PC_NDVI,PC_GNDVI,PC_EVI,PC_SAVI,PC_NDRE,PC_MSAVI,PC_DVI,PC_RVI,PC_ARVI,PC_VARI,PC_TVI,PC_GEMI,VV,VH,VV/VH,VH/VV,VV-VH,(VV+VH)/2,VH-VV,TanDEM Canopy height (m),AGB(kg/9 sq.m)
205,234,499,635,499,358,1121,3726,0.824681685,0.708782389,2.04368932,1.236871098,0.537445843,0.903906755,3368,10.40782123,0.770912548,0.364953887,213160,-11338667.32,49257.49609,-1236.834961,120.941452,-114.9000549,60.04994965,29.79854774,19.00127411,9.297208786,9264224,36886.39063,26296.67969,40.33568954,-0.633576632,-0.00966461,-0.018638976,-0.026313763,-0.004730046,-0.006948672,9.65E-05,-6.65E-09,-7.75027,-12.966,0.597737,1.67298,5.21574,-10.3581,-5.21574,5.36575,68.6358
186,245,488,599,516,376,1080,3936,0.825602968,0.735832415,2.043393411,1.23826087,0.56937799,0.904460568,3560,10.46808511,0.771775827,0.305479452,222520,-12668570.51,49313.41406,-1423.001587,133.1797333,-99.26868439,153.6985779,30.28859711,-17.63280487,10.87428474,10593986,52121.83594,41022.21094,108.6556168,0.319791406,-0.231824279,0.082193017,-0.029754631,-0.00288676,-0.015220731,-2.69E-05,4.24E-09,-7.91955,-13.4292,0.589727,1.6957,5.50963,-10.6744,-5.50963,3.75426,134.74161
159,284,504,635,545,376,1192,3780,0.819056785,0.712344281,2.178141797,1.228437387,0.520514883,0.900517251,3404,10.05319149,0.779661017,0.356258597,214600,-11582418.04,49328.42969,-1272.358276,130.1720276,-65.27924347,38.45741272,-32.258358,-22.24077797,-4.105579853,9507942,39786.6875,29249.07617,58.28520966,0.006604327,-0.250517577,0.017478384,0.004770004,0.004305842,0.003740863,0.000241919,-4.58E-09,-7.5199,-12.1149,0.620715,1.61104,4.59499,-9.8174,-4.59499,5.36575,75.92229
224,243,512,681,555,381,1166,3389,0.797877984,0.665356265,1.951472687,1.196658268,0.488035126,0.887562733,3008,8.895013123,0.734390993,0.366300366,192480,-9043856.039,49207.48828,-906.4672852,121.1882401,-94.74794006,-38.78077316,34.96389389,20.55808258,-2.49870038,6969558.5,12370.57227,5052.906738,-30.37228203,-0.591545403,0.138009816,-0.058040127,-0.004490801,-0.006631435,-0.002917449,0.000145131,-2.71E-09,-7.14029,-16.5229,0.432146,2.31403,9.38256,-11.8316,-9.38256,3.56399,70.14744
187,207,469,576,442,351,1027,3441,0.814873418,0.71321882,1.933425103,1.222148978,0.540286482,0.897981457,3090,9.803418803,0.74847561,0.3125,194400,-9543751.089,49049.38281,-1007.150818,78.62919617,-122.5623093,72.59552765,37.2181015,39.79708862,24.52375031,7469366,18723.21289,12057.93652,31.90198135,-1.693674684,0.165857956,-0.030856153,-0.034506984,0.001489177,-0.016828693,-5.05E-05,-4.06E-09,-9.66918,-15.9008,0.608094,1.64448,6.23163,-12.785,-6.23163,6.16698,112.68504
139,253,479,613,520,372,1083,3436,0.804621849,0.697209187,2.03102214,1.206774321,0.520690418,0.891720525,3064,9.23655914,0.749936338,0.329234973,193480,-9383799.375,49118.24219,-975.3834839,122.6296005,-82.7173233,46.72589111,-14.93004608,-7.345664978,-1.71597743,7309434,16810.22656,10097.63281,17.33554459,-0.996478021,0.013213187,-0.018991865,-0.012033341,0.003868367,-0.003340501,0.000135344,1.51E-08,-8.58076,-15.342,0.5593,1.78795,6.7612,-11.9614,-6.7612,5.85694,108.98343
127,227,469,560,488,358,1082,3236,0.800779076,0.704952582,1.953835709,1.20100153,0.498842057,0.889354388,2878,9.039106145,0.737449664,0.292329957,180760,-8278853.73,48992.46875,-820.2791138,82.20977783,-64.20706177,-0.362877816,-18.28549194,1.269432068,26.49004745,6204497.5,6087.788574,2409.896973,16.90250778,-1.929541349,0.135302767,-0.034418091,0.000498341,0.0121817,-0.01249321,5.42E-06,-2.89E-08,-9.32944,-15.4889,0.602332,1.66021,6.15943,-12.4092,-6.15943,7.48924,129.54294
204,256,508,660,513,364,1106,3550,0.814001022,0.686460808,2.087811271,1.220845574,0.524914089,0.897451826,3186,9.752747253,0.7652909,0.385416667,203000,-10146113.36,49213.5625,-1064.138672,121.1744919,-128.7891083,40.18924332,17.45133209,19.8809967,-2.08165741,8071757.5,23916.30664,14716.99316,-1.158771396,-0.775525928,0.008925747,-0.043909043,-0.020373013,-0.003966268,0.002613844,0.000225537,1.30E-08,-7.75553,-13.9163,0.557297,1.79437,6.16079,-10.8359,-6.16079,7.14199,246.5334
178,271,536,669,556,374,1152,3625,0.812953238,0.688402422,2.117915309,1.21927741,0.517688926,0.896814822,3251,9.692513369,0.767430522,0.382124352,206860,-10564428.61,49285.46094,-1118.087646,150.1098175,-104.1370773,28.99888039,-11.61619854,-8.563346863,10.23290539,8490049,28349.90039,18506.45898,9.597027779,-0.299816757,-0.082052343,-0.025811655,-0.009577538,-0.002723873,0.005475155,0.000267272,-8.38E-09,-8.6589,-16.0633,0.539049,1.85512,7.40438,-12.3611,-7.40438,6.242,152.12817
234,265,483,646,574,420,1115,2966,0.751919669,0.642303433,1.818831262,1.127712978,0.453565303,0.858374651,2546,7.061904762,0.675232985,0.282147316,161800,-6478612.797,49042.33203,-513.9362793,64.45487976,-67.10197449,-58.66521835,44.31315994,10.57187176,-14.19052315,4404311,-12072.41602,-11737.58105,-42.29579544,-0.781030774,0.142801523,-0.016324958,0.018887991,-0.000495981,-0.004392719,0.000113828,1.14E-08,-9.1222,-14.5909,0.625199,1.59949,5.46867,-11.8565,-5.46867,5.08034,102.6495
238,305,536,676,608,443,1150,3252,0.760216509,0.655804481,1.938043328,1.140170478,0.477510223,0.863758044,2809,7.340857788,0.696843204,0.286240786,177860,-7886604.277,49224.88281,-741.9486694,96.81047821,-74.51915741,-8.414056778,19.9390583,-7.691882133,-1.46400106,5812286.5,1648.801514,-1805.057739,-13.27114296,0.207510233,-0.047272053,0.008555681,0.010656197,0.00323406,0.00202695,0.000203482,3.50E-09,-9.2994,-15.1234,0.614902,1.62628,5.82399,-12.2114,-5.82399,3.51059,15.05961
285,311,579,752,651,453,1311,3614,0.777231374,0.655519927,1.975378078,1.165703749,0.467614213,0.874638953,3161,7.977924945,0.717272511,0.334451902,201620,-9987531.608,49494.64844,-1043.569092,133.7408905,-56.45637512,-64.65031433,26.44817924,3.381227255,-5.243637085,7913185,22202.91211,13203.79199,-6.976932526,1.593512297,-0.13948451,0.012125317,0.018366469,-0.006199623,0.006188034,0.000275594,2.54E-09,-9.71722,-14.6954,0.661241,1.51231,4.9782,-12.2063,-4.9782,4.02468,37.74375
180,284,498,659,551,413,1178,3233,0.773450357,0.661356629,1.968174204,1.160016454,0.465880753,0.872237637,2820,7.828087167,0.712847682,0.312182741,179040,-7948489.452,49150.39844,-763.4605103,93.62379456,-52.26197815,-50.60640717,-21.94919777,16.93273735,-14.68347645,5874181.5,2066.231934,-1804.524048,-20.49995232,-0.367992759,0.007711082,-0.020954167,0.021097735,0.004888668,0.001458856,0.000197529,-1.74E-09,-8.07182,-13.8807,0.581516,1.71964,5.80883,-10.9762,-5.80883,4.58915,66.93768
208,249,453,602,511,368,948,3262,0.797245179,0.688405797,2.007770223,1.195703071,0.549643705,0.887170432,2894,8.864130435,0.740197386,0.324549237,183000,-8371188.433,49011.02344,-811.4865723,87.14836121,-146.5652466,111.5506058,62.61662674,-6.026723385,-17.94109917,6296857.5,6522.914551,1969.69812,-2.319731712,-1.471753478,0.078369178,-0.014074391,-0.037542909,-0.00022516,-0.002338652,0.000144423,-4.91E-09,-7.43876,-14.8111,0.502243,1.99107,7.37232,-11.1249,-7.37232,6.21516,298.30878
163,275,510,669,580,406,1179,3647,0.799654577,0.689990732,2.014795474,1.199333909,0.511396602,0.888662059,3241,8.982758621,0.743307839,0.32875,204980,-10499544.21,49309.94922,-1132.030884,156.8497162,-55.6043129,29.76218605,-15.904212,-15.96457481,-11.25106907,8425139,28163.9082,19097.07227,29.47824478,0.51713872,-0.118074827,0.021317353,-0.002156081,-0.003100058,-0.000157139,0.000185058,-9.54E-09,-8.93079,-16.0515,0.556382,1.79733,7.12075,-12.4912,-7.12075,4.65213,101.34036
227,305,523,669,603,428,1126,3495,0.781799643,0.678674352,2.030319079,1.172550019,0.512659597,0.877523966,3067,8.16588785,0.727632229,0.304292929,193660,-9402223.138,49288.11719,-968.1009521,118.2849579,-87.41895294,55.07537842,23.08646584,-24.96767044,-11.62751198,7327855,17001.55859,10255.2998,17.78686142,0.52576226,-0.158346042,0.032288074,-0.003086174,0.001619,0.003858379,0.000232248,-2.51E-09,-8.8816,-14.9956,0.592282,1.68838,6.11396,-11.9386,-6.11396,5.58141,57.87171
242,308,504,647,570,388,1090,3328,0.791173305,0.674465409,2.195996415,1.186600296,0.506564056,0.883397986,2940,8.577319588,0.753424658,0.356258597,186760,-8639497.014,49179.84375,-835.7828979,76.38872528,-123.0158615,30.47216797,30.49107742,-23.31767082,-17.74223709,6565179,8863.71875,3219.110596,-12.62173748,-0.729957461,-0.156334266,-0.02073326,0.004844722,0.008266919,0.013451139,0.000363691,2.14E-08,-7.19769,-13.5599,0.530806,1.88393,6.36225,-10.3788,-6.36225,6.69132,139.93182
200,301,523,672,514,405,1105,3474,0.791183295,0.675832127,2.103495545,1.186621987,0.517361869,0.883404865,3069,8.577777778,0.744413758,0.344072165,194820,-9414477.968,49223.73438,-974.7219849,105.1413803,-121.0915222,55.08346176,-15.1366787,30.91514969,-9.048783302,7340132,16721.48438,9403.416016,0.658063769,0.056032717,-0.139741197,0.003738645,-0.007144846,0.00048527,0.008779104,0.000303162,1.76E-09,-8.55862,-16.1135,0.531145,1.88273,7.55491,-12.3361,-7.55491,5.51933,252.13572
168,265,484,654,551,379,1074,3483,0.803728638,0.683828861,2.058082482,1.205436893,0.528637261,0.891171837,3104,9.189973615,0.752012072,0.358072917,197240,-9630464.668,49176.23438,-996.9257813,143.0432434,-103.8414154,63.51003265,8.328502655,-13.34603691,-22.75716972,7556118,18843.4707,10967.30078,0.493396342,-0.559697866,-0.013110621,-0.020238603,-0.020864531,-0.003145483,0.00263978,0.000221213,-1.78E-08,-8.84503,-14.9544,0.591467,1.69071,6.10935,-11.8997,-6.10935,5.8855,204.28056
134,274,501,635,549,417,1142,3218,0.770563961,0.670386712,1.910120022,1.155686976,0.476146789,0.870398881,2801,7.717026379,0.70354685,0.280205656,176780,-7841720.839,49105.89453,-756.5927734,113.2094955,-40.50749588,-20.01621819,-42.8333931,5.446206093,2.30633235,5767390.5,1433.809814,-1599.250244,-4.300429344,-0.422563761,0.028703002,-0.001339118,0.013667817,0.00547367,-0.003559471,0.000127676,-4.54E-09,-9.46896,-13.774,0.687452,1.45465,4.30504,-11.6215,-4.30504,5.39079,169.1793
161,291,538,681,597,429,1209,3372,0.774269929,0.663952628,1.954442821,1.161252137,0.472167649,0.872759334,2943,7.86013986,0.712109673,0.307692308,186660,-8657166.68,49252.17578,-868.746582,140.4919586,-39.0320015,-37.07550812,-39.34464645,-5.894708157,3.359713078,6582842.5,9153.975586,3621.083496,-7.501371384,0.295529634,-0.038851716,-0.003583082,0.016891219,0.001770761,0.001350724,0.000199126,-1.95E-10,-9.03697,-13.6734,0.660917,1.51305,4.63641,-11.3552,-4.63641,4.83218,66.38625
190,292,480,596,535,369,891,2797,0.766898294,0.648688476,2.150956768,1.150165798,0.51681128,0.86805246,2428,7.579945799,0.724946038,0.337295691,154760,-5891824.995,48844.12109,-375.0445862,60.88295364,-169.6753235,71.96636963,27.50123215,-28.4066925,-6.902720928,3817522.75,-17654.86914,-15557.8125,-56.97844696,-2.120131016,-0.062289774,-0.004566886,-0.005305834,0.006655544,0.012204368,0.000329756,-1.30E-08,-8.1745,-14.0314,0.582584,1.71649,5.85695,-11.103,-5.85695,3.75071,58.29759
127,324,536,682,610,425,1056,3382,0.776727082,0.664370079,2.110333999,1.164937623,0.524109959,0.874318468,2957,7.957647059,0.730808598,0.328224777,187700,-8739743.63,49203.98047,-863.927124,177.0523376,-97.44654846,93.29895782,-48.39191437,-44.02944946,-14.42525005,6665419.5,9920.332031,4113.397949,-8.867751122,0.238827795,-0.1819686,0.019267578,-0.013510113,0.001130895,0.01170765,0.000338165,1.12E-08,-8.73943,-15.3268,0.570206,1.75375,6.58736,-12.0331,-6.58736,5.07515,54.11628
225,296,463,606,494,400,1064,3359,0.787177441,0.694325347,2.089689266,1.180609124,0.518878589,0.880901323,2959,8.3975,0.739062904,0.290140845,185780,-8751557.405,49120.53516,-891.3456421,39.43135834,-105.924118,65.72754669,20.46293831,17.92437744,-24.50732803,6677187,10840.03125,6086.560547,25.58415222,-0.573480725,-0.146696523,0.021737672,-0.002244644,0.012704715,0.001384015,0.000192443,-8.20E-09,-8.61063,-13.9386,0.617752,1.61877,5.32802,-11.2746,-5.32802,5.06411,128.92266
140,281,511,653,538,398,1060,3260,0.782394751,0.666240736,2.020330368,1.173431734,0.509259259,0.87789767,2862,8.190954774,0.727152318,0.331168831,181920,-8187062.421,49096.04297,-789.5871582,133.4502411,-101.6738205,43.15484238,-31.86622238,3.778991461,-3.069605827,6112754.5,4329.017578,-267.5761719,-20.80691338,-0.618199289,-0.000491105,-0.01456806,-0.008990997,0.000277357,0.004107396,0.000233639,-1.88E-10,-9.09252,-15.5439,0.584956,1.70953,6.45141,-12.3182,-6.45141,5.75318,71.16957
114,279,533,670,575,419,1222,3556,0.78918239,0.682915286,1.971220309,1.183624701,0.488488907,0.882156362,3137,8.486873508,0.728311057,0.309876543,198260,-9836394.204,49287.27734,-1051.639648,166.9221497,-24.28619957,-13.06828308,-69.50382996,-4.782278538,8.21469593,7762015.5,21370.69336,13642.33496,21.53911781,0.5380885,-0.08750876,0.015094261,0.011892889,0.000194305,-0.001408719,0.000164885,7.50E-09,-8.52714,-13.7761,0.618982,1.61556,5.24893,-11.1516,-5.24893,5.05158,110.92383
192,345,528,659,699,592,1015,2473,0.6137031,0.579182631,1.367602152,0.920404502,0.418004587,0.760577821,1881,4.177364865,0.493357488,0.073951435,115540,-3535702.64,48963.07813,21.26171303,85.70075226,7.903411865,24.88582611,5.714215279,-25.59744835,-7.643640041,1461155.375,-35780.92578,-20822.91211,-5.61966753,-0.235129684,0.105119973,0.082871281,-0.010374941,-0.004814107,-0.007589218,9.73E-05,-9.45E-10,-8.91029,-15.0251,0.593026,1.68627,6.11485,-11.9677,-6.11485,3.6157,29.97675
241,236,481,653,570,395,1101,2954,0.764108689,0.637926255,1.799578059,1.145991939,0.456966708,0.866263397,2559,7.478481013,0.684150513,0.31773399,163860,-6544944.329,49016.80859,-512.0535889,78.72741699,-86.23049164,-70.73627472,67.18871307,14.17326355,-10.01583195,4470671,-11936.37598,-12468.41406,-62.15394592,-1.169271827,0.256808162,-0.046490528,0.011894225,-0.007561059,-0.007619955,6.82E-05,1.89E-08,-7.89,-14.3472,0.549931,1.81841,6.45725,-11.1186,-6.45725,3.31544,38.23452
185,244,450,601,546,398,1121,3215,0.779684473,0.685010482,1.866057234,1.169364882,0.482933579,0.876188416,2817,8.077889447,0.70692859,0.268874172,177140,-7931573.839,49066.94922,-770.241272,76.92938232,-40.36218643,-19.72411728,25.69680214,-4.561459541,-13.89858246,5857231,2569.855957,-353.7984314,7.903282642,-0.899094582,0.10542696,-0.005523007,0.00827693,0.005888599,-0.01043147,3.44E-05,-2.48E-09,-8.98342,-14.2666,0.629682,1.5881,5.28319,-11.625,-5.28319,4.32097,35.52984
107,237,487,624,554,382,1061,3502,0.803295572,0.697527872,1.941505912,1.204788261,0.534955073,0.890905598,3120,9.167539267,0.738396624,0.314694408,196880,-9730026.913,49140.26563,-1026.821533,175.4510956,-71.82542419,79.96542358,-15.15727425,-27.09686852,3.462402821,7655646.5,20399.41797,13045.28516,25.00217628,-0.553975046,0.053292394,0.001017331,-0.027098427,-0.003875259,-0.008743792,6.26E-05,9.17E-09,-8.1401,-16.0513,0.50713,1.97188,7.91119,-12.0957,-7.91119,6.9223,156.23865
151,249,494,602,516,367,1108,3823,0.824821002,0.727909605,2.077672238,1.23708388,0.550598256,0.903990741,3456,10.41689373,0.774837512,0.326388889,216760,-11939054.79,49270.91406,-1326.736572,138.2535858,-85.59807587,105.6981125,-6.020153999,-18.30394745,14.23057461,9864535,44009.42969,33519.91797,82.9789505,-0.252872646,-0.164103299,0.035810482,-0.021123273,0.001293829,-0.009990511,4.79E-05,1.71E-08,-8.64137,-14.6224,0.590967,1.69214,5.98104,-11.6319,-5.98104,4.81867,61.50168
98,259,495,654,524,390,1139,3726,0.810495627,0.701369863,2.02206328,1.215595773,0.531757451,0.895317536,3336,9.553846154,0.754650341,0.336305732,210720,-11124208.16,49260.80859,-1229.854858,179.6295013,-60.59621048,70.75360107,-55.34490204,4.00531435,-10.25671577,9049768,34793.98047,24778,43.8752594,0.311767519,-0.110603236,0.025524562,-0.015838997,-0.005529882,-0.003311146,0.000143675,-6.46E-09,-9.77057,-15.6115,0.625858,1.59781,5.84092,-12.691,-5.84092,5.59712,52.60167
98,259,495,654,524,390,1139,3726,0.810495627,0.701369863,2.02206328,1.215595773,0.531757451,0.895317536,3336,9.553846154,0.754650341,0.336305732,210720,-11124208.16,49260.80859,-1229.854858,179.6295013,-60.59621048,70.75360107,-55.34490204,4.00531435,-10.25671577,9049768,34793.98047,24778,43.8752594,0.311767519,-0.110603236,0.025524562,-0.015838997,-0.005529882,-0.003311146,0.000143675,-6.46E-09,-9.77057,-15.6115,0.625858,1.59781,5.84092,-12.691,-5.84092,5.59712,27.3123
283,256,478,653,581,423,1053,3098,0.75972735,0.65182618,1.799165994,1.139429221,0.492652373,0.863441267,2675,7.323877069,0.680043384,0.280487805,169700,-7151933.865,49087.09375,-622.6235962,70.87523651,-103.9449463,14.10962486,101.819046,6.878414154,-21.18014526,5077630,-5596.841797,-7189.995117,-28.87064743,-0.476106822,0.152908936,-0.000898361,-0.010983787,-0.007127946,-0.005959121,9.50E-05,8.10E-10,-8.20636,-14.0531,0.583953,1.71247,5.84677,-11.1297,-5.84677,4.67606,27.15993
202,280,532,678,580,462,1090,3099,0.740522325,0.640984909,1.747746554,1.110627545,0.479589401,0.850899182,2637,6.707792208,0.655890997,0.251162791,166860,-6950155.598,49121.98438,-609.3743896,115.4180222,-73.12838745,12.21868801,11.1171751,24.4386673,5.38092041,4875840,-7352.40918,-8118.241211,-24.31639099,0.143485323,0.108937889,0.016245773,-0.006344208,-0.006837936,-0.005316686,0.000104304,-6.07E-09,-9.08188,-15.0855,0.602028,1.66105,6.0036,-12.0837,-6.0036,2.66312,18.05238
121,251,435,561,449,350,836,2897,0.784416384,0.675534991,2.043813192,1.176443418,0.552102866,0.879167029,2547,8.277142857,0.731619845,0.31969697,161260,-6483663.076,48758.07031,-509.8767395,74.50981903,-164.7012177,123.9822845,1.912584543,7.650285721,-11.33331966,4409351.5,-11789.11621,-11152.29102,-32.13426208,-2.574176788,0.095527805,-0.008032295,-0.036125708,0.003237588,0.001814314,0.000193086,5.29E-09,-7.32015,-13.4454,0.544434,1.83677,6.12529,-10.3828,-6.12529,3.27928,80.7021
105,318,549,664,603,524,1042,2570,0.661279897,0.589363018,1.536036036,0.991759573,0.42303433,0.796077366,2046,4.904580153,0.557575758,0.16091954,128360,-4183393.393,48920.23438,-113.3664627,117.0963745,-21.91597748,-13.30439568,-76.4782486,19.63037872,17.80130005,2108958,-31596.49023,-21250.67383,-39.25344849,-0.329449207,0.118360303,0.050206069,0.007800702,-0.005261325,-0.006359307,9.59E-05,4.16E-09,-8.37461,-15.3953,0.543973,1.83833,7.02066,-11.8849,-7.02066,3.27983,26.06184
147,263,516,645,525,386,1113,3270,0.788840263,0.670498084,1.994743395,1.183098592,0.492128679,0.881941266,2884,8.471502591,0.730616565,0.337239583,183400,-8313434.529,49104.87891,-810.4116821,120.7869263,-87.62011719,-6.207618713,-31.60216713,15.90111065,12.13068581,6239125.5,5545.454102,588.4872437,-20.45429802,-0.871007621,0.06102664,-0.035152372,0.001977652,0.001377906,0.000508165,0.000186121,1.37E-08,-7.51596,-14.608,0.51451,1.9436,7.09203,-11.062,-7.09203,3.00109,22.59297
185,278,517,661,534,408,1118,3355,0.783151741,0.670816733,1.981043291,1.174571542,0.500111782,0.878374541,2947,8.223039216,0.723606473,0.319848293,186940,-8680708.055,49173.34375,-871.3337402,112.0558548,-92.12723541,18.31655693,-10.21257114,22.19176292,0.00338652,6606381,9378.90332,3776.591309,-7.608370304,-0.191529095,-0.009044045,-0.006317721,-0.002424962,-0.000256557,0.001242488,0.000197029,-2.43E-09,-7.90533,-14.3791,0.549778,1.81892,6.47381,-11.1422,-6.47381,3.84961,22.01616
150,263,519,647,544,368,1149,3497,0.809573092,0.687741313,2.095218963,1.214202561,0.505380973,0.894753479,3129,9.502717391,0.761712846,0.371010638,198900,-9786245.485,49204.60156,-1016.625732,139.4058685,-85.92618561,3.520801544,-27.86457253,-8.661514282,10.93995571,7711894.5,20407.36914,12173.81445,1.56281662,-0.837719858,-0.014157554,-0.043904841,-0.002009606,0.001923191,0.003025293,0.000228606,-1.73E-08,-8.80444,-14.6957,0.599119,1.66912,5.89121,-11.7501,-5.89121,4.90924,45.5895
184,255,519,675,542,386,1190,3378,0.794899044,0.666913397,1.97752809,1.192190198,0.478984238,0.885716219,2992,8.751295337,0.734531451,0.358560794,191080,-8947882.875,49199.78125,-901.7609253,123.5161896,-75.48905182,-51.95410919,-10.12638474,25.18082237,3.319614649,6873579,11554.80859,4656.628418,-25.30924606,-0.529504359,0.087910622,-0.051795956,0.00669025,-0.002552443,-0.000670134,0.000175133,1.15E-08,-8.62631,-15.3123,0.56336,1.77506,6.68594,-11.9693,-6.68594,4.84501,48.86001
178,249,553,753,572,357,1263,3684,0.823311062,0.660581474,2.100644021,1.234813807,0.489387508,0.903082584,3327,10.31932773,0.775849602,0.459930314,215460,-11064232.5,49374.26172,-1167.259766,201.0587616,-97.9411087,-70.63957977,-20.40103531,22.13707733,-6.843108654,8989911,32085.49219,19366.16406,-46.02048492,-0.289704919,0.079793692,-0.103454039,-0.016292285,-0.012087631,0.002763618,0.000241485,2.63E-08,-9.10602,-14.4206,0.631459,1.58363,5.31459,-11.7633,-5.31459,5.0931,21.90699
152,256,506,671,527,393,1204,3677,0.806879607,0.691352346,1.994655005,1.210170741,0.506658472,0.893106409,3284,9.356234097,0.748038983,0.344059406,208160,-10780047.16,49295.51953,-1179.389771,149.907135,-56.98706818,5.170521736,-31.02884102,24.64414024,-6.671936035,8705640,30905.19531,21093.96875,26.19139481,0.323131949,-0.057104755,0.002767234,-0.002956817,-0.005503871,-0.002948163,0.000150515,-3.86E-09,-9.1752,-14.906,0.615539,1.62459,5.73077,-12.0406,-5.73077,5.83572,24.83667
146,253,436,596,520,387,1091,3469,0.799273859,0.706765068,1.978431121,1.198755348,0.521491228,0.888426185,3082,8.963824289,0.738847118,0.28630137,193280,-9494410.368,49119.88672,-1010.607239,103.5590668,-51.73396683,55.89287567,-0.233904779,-10.05755234,-27.99142265,7420013,18460.53711,12222.30859,41.44062805,-0.631768942,-0.023963975,0.014541958,-0.009384411,0.006798962,-0.009334024,4.93E-05,2.57E-08,-8.3783,-15.5281,0.539559,1.85337,7.14976,-11.9532,-7.14976,6.05989,223.88022
243,285,531,700,600,402,1265,3655,0.801824008,0.678530425,2.069075181,1.2025878,0.485772358,0.890000287,3253,9.092039801,0.751317681,0.364749082,207100,-10577451.89,49398.69141,-1123.990845,124.4243927,-64.49520111,-43.88953781,18.34889412,-5.517891884,-11.88788223,8503072,28440.95703,18514.18555,7.905852318,0.574741542,-0.127414107,-0.008902139,0.013611208,-0.002734806,0.005663141,0.000270804,4.50E-09,-9.29609,-14.9949,0.619951,1.61303,5.6988,-12.1455,-5.6988,4.2674,33.94206
238,264,504,664,546,418,1145,3404,0.781266353,0.673549656,1.898042207,1.171746239,0.496592658,0.877187466,2986,8.14354067,0.712273642,0.300733496,189000,-8912043.596,49218.77344,-910.7932129,94.08855438,-82.5144043,5.830734253,37.5132637,28.17708206,-7.081820965,6837703.5,11859.95996,5940.833984,2.644177914,0.12368197,0.029049788,0.004289611,-0.002931634,-0.003505188,-0.004113695,0.000125304,2.11E-09,-10.0585,-14.5888,0.689467,1.45039,4.53031,-12.3237,-4.53031,5.52089,204.45525
148,254,493,640,541,380,1211,3356,0.796573876,0.67967968,1.993569132,1.194700923,0.469673746,0.886755003,2976,8.831578947,0.737959606,0.339425587,188960,-8852414.744,49162.36328,-898.2510986,112.8599777,-38.08974838,-70.62897491,-33.29696274,6.864172459,-0.418281794,6778089,11028.17383,4931.441406,-8.174920082,-0.85399431,0.064231224,-0.048616532,0.020060696,0.005018047,-0.002321067,0.000150828,-1.74E-08,-8.62473,-14.77,0.583937,1.71251,6.14523,-11.6973,-6.14523,3.44447,13.20471
140,255,509,617,494,412,1125,3575,0.793328317,0.705629771,1.912102527,1.18984326,0.521276596,0.884740983,3163,8.677184466,0.7253861,0.264857881,197980,-10000151.39,49202.33594,-1093.916626,120.0216522,-60.58824921,63.20999908,-34.32531738,30.34115219,22.66551971,7925723,23807.62891,16773.03711,56.30361176,0.245729357,-0.065877967,0.047898356,-0.008442454,0.001701089,-0.012143251,1.09E-05,1.18E-08,-9.26759,-14.9411,0.620277,1.61218,5.67347,-12.1043,-5.67347,4.38502,6.91191
177,277,564,714,570,438,1196,3397,0.771577575,0.652639261,1.873496264,1.157215487,0.47920749,0.871046169,2959,7.755707763,0.7002002,0.315428571,188580,-8751580.466,49271.85156,-885.4267578,155.2794952,-66.99793243,-24.93774414,-30.82745171,36.54567337,14.92220497,6677271,9743.928711,3511.701904,-21.31161499,0.640414715,0.040712506,-0.006677341,0.001340072,-0.008260475,-0.001044803,0.000169743,3.46E-09,-8.60311,-14.2723,0.602783,1.65897,5.66921,-11.4377,-5.66921,3.34449,6.95826
202,270,524,658,552,425,1128,3285,0.770889488,0.666243977,1.876147993,1.156178413,0.488783141,0.870606903,2860,7.729411765,0.699870634,0.286592866,180920,-8175637.642,49167.91016,-800.1085815,105.3709488,-77.31098938,2.31836462,6.779297352,21.93926239,10.60425282,6101310,4558.236816,451.7220459,-6.337017059,-0.052815069,0.047753174,0.003844054,0.000514824,-0.001493598,-0.003893432,0.000125356,8.20E-10,-7.3816,-13.5334,0.545437,1.83339,6.15177,-10.4575,-6.15177,4.08415,20.14479
172,328,562,705,630,464,1108,3051,0.73598862,0.624600639,1.915728673,1.103825914,0.46717961,0.84789758,2587,6.575431034,0.671322925,0.286563615,164860,-6689029.97,49155.36328,-542.9702759,140.3293152,-75.37497711,-1.145123363,-35.65045547,-13.09051132,-1.019515514,4614739.5,-10280.2793,-10860.22656,-47.31285095,0.158003181,-0.031537395,0.002334534,0.007128734,0.000879687,0.005193794,0.000241813,2.80E-08,-8.72726,-14.5247,0.600856,1.66429,5.79745,-11.626,-5.79745,3.20299,6.97005
212,292,549,670,611,471,1070,2711,0.703959774,0.603667554,1.672640382,1.055773763,0.434012166,0.826236892,2240,5.755838641,0.613210354,0.234393404,142360,-5014571.498,48996.60547,-245.4424438,87.89585876,-72.85977936,-44.86069489,12.39580727,11.13389301,20.3559761,2940226.25,-25266.40625,-19544.33594,-59.0867691,-0.475482583,0.146964237,0.014108392,0.01569074,-0.006255604,-0.004960072,0.00010525,8.02E-09,-7.56214,-15.3137,0.493816,2.02505,7.75155,-11.4379,-7.75155,3.40508,6.6942
181,276,515,629,575,377,1153,3389,0.799787573,0.68690891,2.102177554,1.199522103,0.492294144,0.888743157,3012,8.98938992,0.752779933,0.345205479,190800,-9067927.57,49187.81641,-909.1158447,109.0371246,-75.4309082,-13.83291817,-6.42098093,-32.29270554,11.3891716,6993585.5,13370.5127,7020.397461,2.366731167,-0.914850295,-0.0506026,-0.033371802,0.012042518,0.008599802,0.003935276,0.000235696,3.47E-08,-8.67385,-15.426,0.562287,1.77845,6.75217,-12.0499,-6.75217,5.33021,71.19729
168,259,457,616,467,358,1074,3362,0.807526882,0.690296631,2.104525711,1.211127537,0.515779982,0.893501613,3004,9.391061453,0.760670333,0.360839161,190560,-9019799.154,49069.64453,-921.402832,79.85784912,-109.4111099,29.9488945,-7.415575504,30.03380585,-21.17449951,6945467,12780.53516,6396.73291,-2.813976765,-1.501563191,0.022603251,-0.048857436,-0.008586277,0.005496172,0.002511446,0.000216143,1.26E-08,-8.33466,-16.7864,0.496512,2.01405,8.45176,-12.5605,-8.45176,3.91269,19.87884
154,261,463,625,504,360,1115,3530,0.814910026,0.699157641,2.122673095,1.222207942,0.519913886,0.898004024,3170,9.805555556,0.769867135,0.366022099,200800,-10044438.44,49161.05859,-1066.172974,111.3901367,-87.26783752,34.08110046,-14.37164211,3.106096983,-23.07737923,7970063,23332.80859,14956.49316,17.16112709,-1.077218533,-0.038205601,-0.037410069,-0.008814285,0.00417877,0.002001855,0.00021401,6.95E-09,-8.63866,-15.3872,0.56142,1.7812,6.74851,-12.0129,-6.74851,4.07141,60.44436
176,268,481,611,513,425,1028,2869,0.74195507,0.648850575,1.791788856,1.112763697,0.472414678,0.851842766,2444,6.750588235,0.662706462,0.2421875,154080,-5969785.31,48923.72656,-443.4319458,58.10189056,-80.67684174,0.123993047,0.80286479,32.2909584,1.415213823,3895447,-16280.66895,-13564.59766,-27.64172554,-1.001389742,0.115326457,0.018533004,0.006240645,0.001964991,-0.005966927,9.20E-05,-1.15E-09,-8.33426,-13.7846,0.604605,1.65397,5.45038,-11.0594,-5.45038,2.50426,9.86436
212,330,518,655,596,522,964,2503,0.654876033,0.585180494,1.566751028,0.98215171,0.443899625,0.791417284,1981,4.795019157,0.556108175,0.157024793,124180,-3921731.221,48891.89453,-42.86222458,53.64076233,-76.94816589,31.22687531,11.45580482,22.05310249,-8.871541023,1847274.125,-33678.22266,-21996.85742,-40.74531555,-0.470716596,0.06914977,0.0704327,-0.007408667,-0.005048891,-0.004419123,0.000119654,3.28E-11,-11.0759,-17.5282,0.631891,1.58255,6.45229,-14.302,-6.45229,2.5159,23.84919
184,290,546,718,663,503,1102,2835,0.698621929,0.595834506,1.584669747,1.047775947,0.44018288,0.822549213,2332,5.636182903,0.596733315,0.230934479,148520,-5435077.333,49088.74609,-337.0865784,152.2490845,-37.12511826,-32.97915268,5.122653484,0.912270367,-4.608997822,3360755.5,-21702.54492,-17832.30469,-59.80625916,0.184394166,0.210067213,0.004849029,-0.001047814,-0.015201148,-0.007105637,8.11E-05,-8.67E-09,-8.94591,-15.7167,0.569197,1.75686,6.7708,-12.3313,-6.7708,2.56164,12.08133
163,301,572,758,681,510,1292,2992,0.708737864,0.595733333,1.634830721,1.062955032,0.396825397,0.829521822,2482,5.866666667,0.612503368,0.256463289,158840,-6156962.395,49242.80859,-476.2232971,168.2304077,26.21938133,-147.9212799,-51.42085266,14.69442177,-3.522544622,4082679.75,-15484.51953,-14658.5332,-64.70974731,0.698901951,0.184041679,-0.031275563,0.031672355,-0.008919274,-0.006018188,9.73E-05,-3.00E-08,-8.83706,-15.3424,0.57599,1.73614,6.50532,-12.0897,-6.50532,1.88554,5.09499
198,263,518,713,598,412,1262,3321,0.779266006,0.64650471,1.903048541,1.168742467,0.449269038,0.875924619,2909,8.060679612,0.710973725,0.349187935,186580,-8458238.582,49253.92188,-828.9190674,136.7002563,-36.69622421,-111.1789932,-4.198097706,16.85301971,-17.22261047,6383964.5,6358.166016,204.4091797,-45.11349869,0.028894827,0.116642617,-0.054236047,0.020078862,-0.005283886,-0.00143718,0.00016406,1.05E-09,-6.89827,-16.0848,0.428868,2.33172,9.18656,-11.4915,-9.18656,2.65818,15.97698
237,384,629,792,747,658,1239,3185,0.657559199,0.601709832,1.485072873,0.986210485,0.439873418,0.793380859,2527,4.840425532,0.547243138,0.125703565,156980,-6382371.052,49457.09375,-563.0031128,165.266983,35.71932602,21.96798134,-25.43485069,15.48043633,-1.902376294,4307982.5,-11552.80469,-8993.200195,17.0617485,1.91641593,0.0343601,0.042876802,-0.00912885,-0.005968299,-0.007664918,7.28E-05,-4.25E-08,-7.98802,-15.1382,0.527674,1.89511,7.15016,-11.5631,-7.15016,2.73772,22.66326
273,299,559,716,620,461,1140,3126,0.742960691,0.62727746,1.825092453,1.114285714,0.465541491,0.85250708,2665,6.780911063,0.667644705,0.290432802,170100,-7098569.985,49217.62109,-608.5935059,103.8908157,-94.46183777,-25.56855583,45.30912018,16.87088966,1.534749985,5024286.5,-6511.909668,-8494.213867,-46.89515305,0.335169166,0.071949869,-0.007388844,0.002771765,-0.006338622,0.000152535,0.000177946,5.77E-09,-8.59539,-16.3375,0.526114,1.90073,7.74212,-12.4665,-7.74212,2.67724,6.37578
252,291,487,610,560,452,975,2889,0.729422329,0.651328951,1.78169323,1.093969774,0.495341615,0.843521635,2437,6.39159292,0.649914335,0.204928664,152540,-5935643.162,48974.48828,-429.4368591,37.13603973,-105.5931396,61.96660233,64.07683563,4.015250683,-3.922051191,3861280,-16162.8418,-12747.25879,-9.693368912,-0.643268108,0.041347221,0.052936472,-0.01217413,0.004067772,-0.006094408,8.92E-05,-6.61E-09,-9.82243,-16.6474,0.590027,1.69484,6.82499,-13.2349,-6.82499,2.82079,16.82748
264,375,596,751,709,610,1144,2902,0.65261959,0.588831098,1.527796294,0.978790036,0.434503213,0.789771531,2292,4.757377049,0.548972511,0.143002028,143160,-5250223.971,49268.83984,-330.8711243,110.1070328,-17.50011826,14.50851727,8.538088799,12.24910641,-6.809988499,3175831,-22230.7207,-16145.77832,-14.61735439,0.94493562,0.060293242,0.036066461,-0.00858373,-0.003211182,-0.00521961,0.000107474,6.19E-08,-10.6766,-18.3452,0.581983,1.71826,7.66861,-14.5109,-7.66861,3.98875,17.68599
212,317,518,634,618,503,1040,2765,0.692166463,0.626949103,1.660061647,1.038090867,0.453350854,0.818056268,2262,5.497017893,0.60104227,0.159756098,140960,-5113599.079,49004.73438,-289.3939209,62.72302628,-46.40753937,16.24829102,15.27418137,-9.007480621,3.279122353,3039197.5,-23310.85742,-16519.31836,-11.17070961,-0.289095908,0.041751746,0.059372038,0.00337678,0.005264308,-0.007284112,7.75E-05,3.13E-10,-9.77579,-14.1649,0.690143,1.44897,4.38908,-11.9703,-4.38908,3.16075,76.9788
223,288,527,689,589,463,1171,3255,0.750941366,0.650608519,1.801755292,1.126260589,0.470854044,0.857738553,2792,7.030237581,0.672232212,0.261574074,176560,-7791423.675,49224.0625,-748.9452515,106.9497375,-50.48241806,-19.40855598,12.20101261,24.5305481,-6.540679932,5717101.5,805.1656494,-2279.389404,-10.8619957,0.539986193,0.041026261,0.014506395,0.006441636,-0.003280462,-0.004024384,0.000123444,1.37E-08,-8.44269,-14.1981,0.594635,1.6817,5.75543,-11.3204,-5.75543,5.52332,41.77188
263,339,586,754,689,492,1300,3199,0.733405581,0.618517582,1.874913423,1.099959366,0.422093799,0.846181595,2707,6.50203252,0.664412071,0.288864388,172900,-7324149.304,49370.01172,-648.0383301,117.4579849,-25.90253448,-115.4882355,-1.572296739,-5.591112137,-7.011435509,5249868.5,-4402.479492,-7111.625977,-46.18055344,0.97000587,-0.03449947,-0.017701743,0.034515355,0.002110567,0.00421246,0.00023437,1.29E-08,-7.46605,-15.025,0.496909,2.01244,7.55895,-11.2455,-7.55895,3.2666,19.22859
283,340,611,753,636,470,1248,3316,0.751716852,0.629884493,1.983551715,1.127426383,0.453111306,0.858244623,2846,7.055319149,0.693564862,0.320498301,182080,-8095800.297,49383.99219,-760.3796387,109.3033981,-88.22379303,-61.4566803,3.388882637,19.47663689,12.32353306,6021519,2969.339844,-2015.963989,-41.74979782,1.010156631,-0.105578698,-0.01086008,0.020382741,0.000274972,0.009251567,0.000305812,-2.01E-09,-9.26768,-13.8514,0.669078,1.49459,4.58373,-11.5595,-4.58373,4.95541,43.74495
279,328,603,724,721,571,1133,2821,0.663325472,0.591537377,1.484952482,0.994841562,0.426909459,0.79756089,2250,4.940455342,0.55213205,0.158221303,141120,-5059503.644,49207.32031,-272.9873657,111.1121063,-29.16051483,-21.29569244,47.93128967,-6.945943832,26.12789345,2985117.25,-24142.3125,-17615.62109,-27.19283295,0.55227071,0.154444739,0.029010173,-0.001806812,-0.009758804,-0.007536729,8.19E-05,1.27E-08,-9.51745,-14.5729,0.653093,1.53118,5.05544,-12.0452,-5.05544,1.98086,7.60635
174,246,546,655,600,395,1182,3931,0.817383264,0.714348016,1.983396904,1.225933202,0.53764913,0.899505165,3536,9.951898734,0.756871508,0.323383085,222560,-12498314.94,49420.38672,-1386.860596,191.1949768,-64.58612823,76.84067535,10.53905582,-39.2990799,30.9867897,10423777,49686.48047,37998.14063,79.75137329,1.042499542,-0.192220032,0.070900142,-0.013755705,-0.010680276,-0.009785238,5.75E-05,-9.70E-09,-8.01295,-16.1961,0.494745,2.02124,8.18317,-12.1045,-8.18317,3.40644,47.04516
180,264,518,678,550,400,1209,3539,0.796902767,0.678444392,1.981691919,1.195202437,0.49073294,0.886959556,3139,8.8475,0.736932515,0.341523342,199460,-9848931.307,49276.13672,-1041.825073,134.521698,-60.97859192,-24.25213432,-15.96375084,19.46453857,-2.641540766,7774576.5,21078.97656,12758.63086,3.747874975,0.152261063,-0.013543281,-0.014604595,0.004530566,-0.003346466,-0.000783542,0.000177021,-1.15E-08,-9.0875,-14.7888,0.614486,1.62738,5.7013,-11.9382,-5.7013,3.44778,28.66932
181,271,546,723,598,397,1240,3462,0.794247214,0.654480287,2.009836066,1.191216479,0.472564866,0.885311737,3065,8.720403023,0.737515684,0.383981154,196940,-9389942.859,49303.08984,-952.6737061,167.0247955,-66.67682648,-69.85691071,-20.783741,5.582408905,-4.312375546,7315652.5,15542.66113,7023.15918,-39.46417618,0.084956951,0.041255396,-0.055653229,0.007301163,-0.006369838,0.003831202,0.000241601,7.55E-10,-8.42841,-14.029,0.600784,1.66449,5.60061,-11.2287,-5.60061,2.92637,42.00606
264,355,567,731,670,490,1217,2801,0.702218171,0.586070215,1.876116253,1.053167249,0.394225983,0.82503671,2311,5.716326531,0.635143024,0.278290993,148300,-5337598.518,49177.40625,-291.9646912,71.17094421,-48.96459961,-128.1249237,-2.26774931,-1.194965839,-15.21389484,3263298,-23001.72852,-19340.15039,-79.54712677,0.048097648,-0.034814306,-0.022322211,0.048197351,0.006924729,0.004752331,0.00022923,2.39E-09,-8.84752,-16.0619,0.550841,1.81541,7.21433,-12.4547,-7.21433,2.44463,6.67764
284,379,580,696,657,537,1197,2656,0.663639211,0.584725537,1.744607278,0.995302959,0.378665975,0.797785895,2119,4.945996276,0.585198448,0.18618267,133500,-4487338.76,49136.28516,-149.1688538,18.20776939,-32.30139923,-109.6376877,-6.173592091,12.36435318,6.411542892,2412936.25,-29289.77539,-20645.56641,-44.78960037,-0.029604256,-0.072569557,0.019345108,0.049476288,0.015169033,-0.000265992,0.000165771,-2.26E-09,-8.64662,-14.9975,0.576537,1.73449,6.35088,-11.8221,-6.35088,3.71402,14.72364
